"crim","zn","indus","chas","nox","rm","age","dis","rad","tax","ptratio","black","lstat","medv"
0.00632,18,2.31,0,0.538,6.575,65.2,4.09,1,296,15.3,396.9,4.98,24
0.02731,0,7.07,0,0.469,6.421,78.9,4.9671,2,242,17.8,396.9,9.14,21.6
0.02729,0,7.07,0,0.469,7.185,61.1,4.9671,2,242,17.8,392.83,4.03,34.7
0.43571,0,10.59,1,0.489,5.344,100.0,3.8750,4,277,18.6,396.90,23.09,20.0
0.17446,0,10.59,1,0.489,5.960,92.1,3.8771,4,277,18.6,393.25,17.27,21.7
